Kota,Paslon 1,Paslon 2,Total,Laju Pertumbuhan,Laki,Perempuan,Umur,Umur Squared,APM SD,APM SMP,APM SMA,Literate,TPAK,pendidikan_SD,pendidikan_SMP,pendidikan_SMA,pendidikan_Universitas,TK,SD,SMP,SMA,SMK,Universitas,Pengeluaran Bulanan,Persentase Kemiskinan,Indeks Pembangunan Manusia,DPT,Sentiment,Weighted Sentiment,Partisipasi
Kepulauan Seribu,"8,826","8,281","17,107",1.42,"12,117","12,226",28.90048893,835.2382602,92.02,77.57,70.53,99.6,58.61,43.89,21.74,34.37,0,9,14,7,1,1,0,"1,122,235",12.09,71.4,"19,013",-0.258666667,-1.149625721,0.836978326
Jakarta Barat,"830,191","611,338","1,441,529",1.19,"1,305,220","1,284,713",30.51479208,931.1525358,98.74,82.73,57.44,99.54,63.41,19.53,18.91,46.14,15.41,430,599,278,119,120,33,"2,144,622",3.25,81.21,"1,738,262",-0.258666667,-1.149625721,0.829293283
Jakarta Timur,"855,365","985,329","1,840,694",0.37,"1,477,494","1,460,365",30.86894334,952.8916627,98.59,85.63,66.26,95.7,64.88,10.32372688,13.39969291,50.57267051,25.7039097,637,642,263,123,201,88,"1,958,915",3.12,82.69,"2,246,279",-0.258666667,-1.149625721,0.819441396
Jakarta Pusat,"333,010","315,164","648,174",0.27,"462,170","465,939",32.84222651,1078.611842,98.12,81.68,60.24,99.76,65.2,15.25917447,17.39597333,46.55173522,20.79311697,193,280,108,53,30,61,"2,156,112",3.68,81.24,"809,975",-0.258666667,-1.149625721,0.800239514
Jakarta Utara,"571,704","416,426","988,130",1.23,"896,714","916,201",30.76631189,946.5659474,99.71,96.14,68,99.87,67.92,26.04,22.96,39.2,12.07,265,355,195,89,77,97,"1,934,450",5.04,80.17,"1,253,753",-0.258666667,-1.149625721,0.788137695
Jakarta Selatan,"670,875","721,313","1,392,188",0.9,"1,131,588","1,133,111",31.59074252,997.9750131,98.56,79.51,61.39,99.9,63.75,13.68849026,12.01393788,53.65813651,20.63943535,417,505,219,104,130,61,"2,247,124",2.73,84.75,"1,694,316",-0.258666667,-1.149625721,0.739975896
Bogor,"860,384","2,029,779","2,890,163",2.13,"3,045,174","2,920,236",28.35881121,804.2221734,99.26,83.45,53.31,97.6,65.41,37.03331828,17.22249665,36.0213723,9.722812773,656,1823,690,183,160,9,"1,216,394",6.66,70.65,"3,472,622",-0.29134,-0.798078799,0.83227112
Sukabumi,"400,469","1,011,896","1,412,365",0.9,"1,248,270","1,218,002",31.00835512,961.5180873,99.3,82.01,50.65,99.7,62.65,55.25492299,20.80661294,19.53563408,4.402829989,284,1211,330,78,183,5,"983,841",6.22,66.87,"1,826,011",-0.29134,-0.798078799,0.773470149
Cianjur,"461,008","774,195","1,235,203",1.01,"1,162,586","1,100,486",30.85376029,951.9545238,98.49,79.24,44.55,98.47267232,66,27.14882441,9.571106831,9.975765349,53.30430341,278,1256,314,92,139,4,"943,323",9.15,65.38,"1,666,979",-0.29134,-0.798078799,0.74098294
Bandung,"778,856","1,245,820","2,024,676",1.56,"1,911,189","1,864,090",29.61936482,877.3067724,99.02,82.06,52.75,99.78,65.32,35.97070143,24.3083774,31.61728891,8.103632257,528,1406,322,108,179,5,"1,098,748",5.94,72.41,"2,360,659",-0.29134,-0.798078799,0.857674065
Garut,"411,887","1,067,391","1,479,278",2.19,"1,319,079","1,303,346",30.07508661,904.5108345,99.17,82.6,51.04,98.82,62.6,53.2879797,20.49354542,21.02320983,5.195265053,715,1584,381,124,136,10,"838,445",8.98,66.22,"1,895,779",-0.29134,-0.798078799,0.780300868
Tasikmalaya,"302,177","728,708","1,030,885",0.89,"867,894","886,234",33.22877122,1104.151237,98.91,88.91,60.66,99.96,66.46,38.54196669,19.16738673,33,9.686360863,330,1086,259,67,69,4,"1,212,982",9.12,65.64,"1,366,465",-0.29134,-0.798078799,0.75441742
Ciamis,"298,913","431,938","730,851",0.7,"590,767","604,409",35.79743234,1281.456162,97.88,84.73,50.68,99.61520549,67.39,17.64128638,6.247228104,5.457843228,33.05557453,300,745,121,27,44,2,"1,001,390",6.65,70.39,"939,911",-0.29134,-0.798078799,0.777574685
Kuningan,"252,289","376,175","628,464",2.04,"543,415","537,389",33.95575979,1152.993623,95.57,79.6,66.79,97.84,61.2,52.59206734,18.01988244,22.56264802,6.8254022,280,652,103,28,108,5,"977,930",11.41,69.12,"851,417",-0.29134,-0.798078799,0.738138891
Cirebon,"822,615","449,430","1,272,045",0.77,"1,124,026","1,068,877",30.88690881,954.0011361,95.78,79.6,59.41,94.9253803,65.23,66.2843873,14.4012553,12.90660026,6.407757144,302,921,187,47,56,8,"1,025,352",9.94,68.69,"1,702,668",-0.29134,-0.798078799,0.747089274
Majalengka,"346,928","425,010","771,938",0.48,"602,200","602,834",34.38991348,1182.666149,98.36,81.45,60.58,98.79,67.83,58.85878377,15.88391939,19.34783093,5.909465912,379,667,104,22,90,5,"1,280,780",10.06,67.52,"980,117",-0.29134,-0.798078799,0.787597807
Sumedang,"309,241","407,784","717,025",0.22,"573,199","579,201",34.46095887,1187.557686,95.76,88.29,44.2,98.83524115,63.9,12.50796522,5.948653534,7.668528701,29.8115264,264,599,111,26,137,8,"1,207,804",9.05,71.46,"864,168",-0.29134,-0.798078799,0.82972871
Indramayu,"704,388","281,587","985,975",0.2,"890,102","838,367",32.75024429,1072.578501,98.69,77.22,55.89,91.27,67.69,55.69467479,16.52696221,23.04294231,4.735420682,415,895,208,53,107,9,"1,660,560",11.11,66.97,"1,353,210",-0.29134,-0.798078799,0.728619357
Subang,"536,458","392,636","929,094",1.06,"805,976","789,849",34.03986151,1158.712172,98.88,79.74,51.82,96.86,67.67,47.94993666,21.56428991,24.35324182,6.13253162,320,879,163,47,58,8,"1,228,740",8.12,68.69,"1,149,540",-0.29134,-0.798078799,0.808231119
Purwakarta,"156,095","405,926","562,021",1.48,"489,192","473,701",30.3369471,920.3303591,95.51,72.42,56.07,98.98,63.88,35.63436938,19.81217362,36.90934978,7.644107214,172,408,108,25,111,12,"1,228,740",7.48,70.67,"687,280",-0.29134,-0.798078799,0.81774677
Karawang,"584,803","779,480","1,364,283",1.42,"1,205,186","1,148,729",30.90411209,955.0641438,97.99,79.88,56.69,97.21,63.57,38.69749604,16.36076613,38.09654619,6.845191643,335,904,165,49,184,11,"1,224,815",7.39,70.86,"1,669,959",-0.29134,-0.798078799,0.816955985
Bekasi,"591,107","1,042,051","1,633,158",3.15,"1,914,591","1,849,295",28.17271804,793.7020416,99.03,80.82,57.61,98.48,64.02,21.6107569,13.54139426,49.22460806,15.62324078,675,974,337,114,102,15,"1,519,651",4.01,73.99,"2,054,407",-0.29134,-0.798078799,0.794953483
Bandung Barat,"358,905","649,894","1,008,799",0.96,"861,529","838,367",30.66228934,940.1759876,97.76,77.29,49.58,99.51724565,61.97,47.32013753,21.20903149,24.70790562,6.762925364,219,709,170,61,30,5,"980,263",9.38,68.27,"1,190,084",-0.29134,-0.798078799,0.847670417
Pangandaran,"164,069","96,966","261,035",1.02,"198,927","200,357",35.87330572,1286.894063,95.19,84.72,67.92,95.02542747,75.08,6.070846337,2.716483131,2.606677834,13.09298174,118,283,53,6,0,5,"1,155,705",7.71,68.21,"320,118",-0.29134,-0.798078799,0.815433684
Kota Bogor,"228,194","399,224","627,418",1.39,"563,426","548,655",30.54980617,933.2906573,95.47,74.91,62.21,98.66,63.68,6.936952184,4.10413865,11.46644617,30.73018993,156,268,121,54,102,25,"1,747,986",5.77,76.23,"716,473",-0.29134,-0.798078799,0.87570362
Kota Sukabumi,"61,607","138,644","200,251",1.2,"166,211","162,469",31.53973774,994.7550566,96.95,82.19,71.28,99.4,62.48,29.15884207,18.83751909,37.39042854,14.61321031,61,120,44,18,32,15,"1,557,065",6.67,74.31,"232,691",-0.29134,-0.798078799,0.860587646
Kota Bandung,"620,555","866,384","1,486,939",0.17,"1,263,916","1,243,972",31.42988722,987.8378107,98.73,80,68,99.61,65.9,18.30638403,19.66382531,33.54787263,28.48191803,495,471,246,138,125,107,"1,974,339",3.38,81.62,"1,734,652",-0.29134,-0.798078799,0.857197294
Kota Cirebon,"103,878","93,136","197,014",0.82,"160,091","159,221",31.71511876,1005.848758,95.45,70.54,66.85,99.34,62.71,26.30131411,12.61076759,40.02402426,21.06389403,88,161,44,26,30,24,"1,495,050",8.41,74.92,"238,003",-0.29134,-0.798078799,0.827779482
Kota Bekasi,"617,185","751,461","1,368,646",1.3,"1,512,233","1,491,690",29.66848684,880.2191115,98.72,84.16,70.37,99.65,65.66,13.27987709,14.05783862,45.24655351,27.41573078,156,702,276,111,147,37,"2,147,104",3.81,81.59,"1,682,120",-0.29134,-0.798078799,0.813643497
Kota Depok,"462,228","615,615","1,077,843",3.28,"1,210,887","1,195,939",29.97282105,898.3700018,98.36,78.02,74.34,99.4,64.96,13.71489251,14.94315357,45.29886898,26.04308494,486,445,222,63,131,9,"2,027,984",2.07,80.82,"1,309,338",-0.29134,-0.798078799,0.823196913
Kota Cimahi,"120,182","213,739","333,921",1.07,"308,998","305,306",30.44709297,927.0254703,96.39,80.33,71.09,99.56,63.26,14.10663276,16.38848887,47.32912216,22.17575621,105,125,36,16,24,8,"1,755,952",4.39,78.11,"380,292",-0.29134,-0.798078799,0.87806475
Kota Tasikmalaya,"111,781","314,270","426,051",0.89,"333,321","330,196",31.2824434,978.5912653,94.59,81.31,70.3,99.86,65.26,38.54196669,19.16738673,32.60428571,9.686360863,96,227,73,27,51,14,"1,212,982",11.6,72.84,"484,389",-0.29134,-0.798078799,0.879563739
Kota Banjar,"63,027","55,648","118,675",0.74,"90,316","92,794",34.00816449,1156.555252,99.32,85.56,71.66,99.41,67.59,41.51747025,17.55162865,32.54877507,8.382126023,29,86,25,5,17,3,"976,593",5.5,71.75,"147,553",-0.29134,-0.798078799,0.804287273
Cilacap,"774,077","289,229","1,063,306",0.35,"865,031","862,067",33.14920459,1098.869765,98.71,84.39,59.82,95.298,65.34,47.83038372,25.33679526,21.43189521,5.400925808,367,1033,194,42,67,16,"878,312",10.73,69.98,"1,488,496",-0.240046667,-1.663089376,0.714349249
Banyumas,"790,604","274,621","1,065,225",2.72,"845,612","847,394",33.90890369,1149.813749,98.77,80.73,62.25,94.57,67.34,48.6120018,18.31540505,23.74581632,9.326776835,639,811,162,37,80,35,"1,032,843",12.53,71.96,"1,350,981",-0.240046667,-1.663089376,0.788482592
Purbalingga,"420,038","152,639","572,677",1.8,"461,281","472,708",33.90783943,1149.741575,95.64,79.82,55.51,95.65,68.14,50.13126552,23.94484332,19.09682614,6.82706502,270,469,77,16,34,2,"832,918",15.03,68.99,"752,211",-0.240046667,-1.663089376,0.761324947
Banjarnegara,"410,309","171,062","581,371",0.54,"462,405","460,787",33.64070854,1131.697271,96.75,76.53,51.76,91.16,70.09,56.95851159,19.61260862,15.91632412,7.512555675,306,617,98,12,26,6,"847,246",14.76,67.34,"784,170",-0.240046667,-1.663089376,0.741383884
Kebumen,"545,496","208,921","754,417",0.24,"596,388","601,594",34.85482311,1214.858694,98.98,80.36,71.1,94.51,68.72,48.48514341,20.01852411,25.5755936,5.920738888,591,751,117,23,68,10,"781,578",16.82,69.6,"1,072,708",-0.240046667,-1.663089376,0.70328272
Purworejo,"341,564","121,121","462,685",0.26,"354,084","364,232",36.5294,1334.397064,97.12,78.66,72.23,94.26,66.81,39.4156895,22.09175417,29.67736039,8.815195944,409,523,90,23,43,8,"760,645",11.45,72.5,"614,611",-0.240046667,-1.663089376,0.752809501
Wonosobo,"409,628","107,167","516,795",0.4,"400,612","389,892",33.50131005,1122.337775,98.2,76.5,44.66,93.51,72.07,63.29659349,16.13910319,14.75097987,5.813323451,343,460,106,16,30,4,"892,553",16.63,68.27,"679,098",-0.240046667,-1.663089376,0.761002094
Magelang,"600,718","230,502","831,220",0.38,"647,413","643,178",34.48216976,1189.020031,98.97,78.02,55.74,95.99,74.73,45.51403925,22.19360114,26.14029667,6.152062944,437,603,132,37,46,8,"887,835",10.67,69.87,"988,879",-0.240046667,-1.663089376,0.840567956
Boyolali,"581,027","94,318","675,345",1.37,"484,716","500,091",35.51842239,1261.558329,98.68,81.25,55.83,90.66,72.7,41.68885845,21.50556335,29.57178002,7.233798183,576,583,100,30,44,4,"892,062",9.53,73.8,"808,469",-0.240046667,-1.663089376,0.835338151
Klaten,"646,611","164,739","811,350",0.31,"576,513","598,473",36.4595476,1329.298611,96.74,80.26,73.33,93.06,69.1,30.49150989,16.88417338,41.18026201,11.44405473,611,742,119,25,55,8,"933,193",12.28,75.29,"1,004,526",-0.240046667,-1.663089376,0.807694375
Sukoharjo,"424,446","127,162","551,608",0.86,"441,782","450,130",33.98685966,1155.10663,95.52,81.44,63.5,94.09,68.5,26.39832187,19.02065604,37.04298225,17.53803985,362,444,79,28,32,19,"1,139,700",7.14,76.84,"669,546",-0.240046667,-1.663089376,0.823853776
Wonogiri,"516,053","94,673","610,726",0.5,"466,206","493,286",38.93514094,1515.9452,96.68,84.98,73.4,91.726,69.86,50.67950978,18.61250609,22.96763453,7.740349589,503,774,115,21,46,5,"794,646",10.25,69.98,"869,824",-0.240046667,-1.663089376,0.702125947
Karanganyar,"463,481","114,478","577,959",0.84,"438,296","448,223",34.58910621,1196.406269,97.38,86.43,66.25,93.16,70.19,37.4051011,24.33532616,27.01320844,11.2463643,572,500,83,18,34,12,"1,000,949",9.55,75.89,"695,027",-0.240046667,-1.663089376,0.831563378
Sragen,"485,470","114,424","599,894",0.3,"436,180","454,338",33.61337593,1129.859042,94.34,78.43,75.39,86.7,67.71,44.49845178,19.68333351,27.19607572,8.622138988,545,554,92,22,58,4,"879,103",12.79,73.43,"776,900",-0.240046667,-1.663089376,0.772163728
Grobogan,"732,560","125,038","857,598",0.56,"681,296","696,492",33.6002,1128.97344,99.08,79.95,49.72,93.446,69.25,16.57566862,36.98123278,25.69934271,17.26107433,3.482681563,805,138,35,58,6,"862,500",11.77,69.86,"1,122,269",-0.240046667,-1.663089376,0.764164385
Blora,"446,711","104,236","550,947",0.32,"425,590","439,423",35.21681425,1240.224006,95.99,76.56,57.21,87.97,68.54,52.4393169,18.78739684,20.60859212,8.164694137,525,591,100,24,55,9,"905,797",11.32,68.65,"706,940",-0.240046667,-1.663089376,0.779340538
Rembang,"320,320","87,960","408,280",0.85,"317,910","320,278",33.73497151,1138.048303,96.67,81.12,55.34,92.742,66.26,49.10137419,23.48955512,21.30495175,6.104118941,369,376,61,15,26,5,"953,546",14.95,70.15,"488,042",-0.240046667,-1.663089376,0.836567345
Pati,"696,665","115,859","812,524",0.5,"609,984","649,606",34.8478,1214.369165,98.3,79.11,62.64,98.43,66.08,46.45427654,17.61101873,28.62959607,7.305108654,548,678,97,26,47,12,"953,017",9.46,71.35,"1,034,791",-0.240046667,-1.663089376,0.785205901
Kudus,"406,424","123,674","530,098",1.17,"428,815","442,496",32.0224,1025.434102,97.05,75.38,67.31,96.05,72.05,31.2840139,21.5729014,33.45061974,13.69246497,226,424,52,17,29,14,"974,624",6.68,74.94,"630,618",-0.240046667,-1.663089376,0.840600807
Jepara,"594,646","114,725","709,371",1.4,"627,007","630,905",32.14430097,1033.256085,97.79,77.48,59.19,94.63,68.43,43.17162444,25.23527076,26.67926388,4.91384092,474,599,99,23,50,8,"843,062",6.66,71.88,"876,490",-0.240046667,-1.663089376,0.809331538
Demak,"544,970","161,237","706,207",0.86,"575,895","586,910",31.07199573,965.4689189,98.29,80.18,59.07,95.41,67.72,41.5154555,23.81762846,28.99207672,5.674839324,467,488,85,32,59,3,"1,033,771",11.86,71.87,"877,343",-0.240046667,-1.663089376,0.804938319
Semarang,"536,118","122,906","659,024",1.26,"517,597","536,189",33.74427825,1138.676315,98.03,77.74,55.25,93.79,74.69,38.58,23.46,30.53,7.43,409,498,101,26,44,14,"1,015,277",7.04,74.14,"778,993",-0.240046667,-1.663089376,0.845994765
Temanggung,"412,907","102,081","514,988",0.98,"386,782","385,236",34.4923,1189.718759,96.2,74.61,58.79,94.76,76.23,53.56228116,21.44573655,18.24546066,6.74652163,331,434,83,16,23,4,"739,467",9.42,69.56,"602,309",-0.240046667,-1.663089376,0.85502292
Kendal,"493,114","134,644","627,758",2.04,"492,113","478,973",33.81686347,1143.580255,94.56,73.88,61.16,93.93,67.91,42.28824561,19.76255364,28.77699268,9.172208073,486,578,110,34,50,11,"1,031,742",9.41,71.97,"778,630",-0.240046667,-1.663089376,0.806234026
Batang,"395,322","91,918","487,240",0.81,"383,697","384,886",32.63022406,1064.731522,95.85,78.82,53.44,94.886,68.75,62,20,14,4,296,454,74,15,30,1,"889,429",8.35,68.42,"606,290",-0.240046667,-1.663089376,0.803641822
Pekalongan,"447,155","111,641","558,796",0.65,"445,790","451,921",31.37770548,984.5604011,96.34,77.44,45.74,94.014,71.15,40.8,21.59,25.94,11.67,341,501,88,18,33,7,"877,521",9.71,69.71,"725,790",-0.240046667,-1.663089376,0.769914162
Pemalang,"592,411","193,375","785,786",0.65,"644,682","658,131",31.25734984,977.0219192,98.22,76.6,48.82,92.26,66.27,55.04460434,18.01993485,21.23691609,5.698544721,360,739,118,23,53,5,"883,354",15.41,66.32,"1,122,858",-0.240046667,-1.663089376,0.699808881
Tegal,"549,486","320,051","869,537",1.43,"715,887","724,811",31.1639403,971.1911749,98.69,77.46,53.8,94.13382489,66.5,52.38485159,19.88868987,21.23848516,6.487973388,357,681,116,26,65,11,"851,397",7.64,68.24,"1,206,180",-0.240046667,-1.663089376,0.720901524
Brebes,"739,374","318,345","1,057,719",0.26,"908,786","900,310",31.8875,1016.812656,98.79,83.49,49.52,91.14,66.08,62.77343622,16.47049677,16.11577527,4.640291746,476,894,165,33,95,11,"834,665",16.22,66.12,"1,528,649",-0.240046667,-1.663089376,0.691930587
Kota Magelang,"56,141","25,267","81,408",0.02,"60,107","62,004",35.44840465,1256.589392,97.91,81.49,70.07,98.18,64.95,21.22268379,13.52719286,45.58882045,19.6613029,60,74,20,13,20,5,"1,373,329",7.46,78.8,"91,331",-0.240046667,-1.663089376,0.891351239
Kota Surakarta,"301,627","65,171","366,798",0.328,"252,594","266,993",33.46594141,1119.969235,99.19,80.6,66.12,100,69.27,19.59025281,15.46175007,43.58166179,21.36633532,266,245,74,32,49,71,"1,583,571",8.7,81.86,"421,999",-0.240046667,-1.663089376,0.869191633
Kota Salatiga,"94,215","26,523","120,738",0.21,"94,887","99,197",33.34845222,1112.119265,99.22,74.42,61.96,98.61,66.96,22.68576457,16.22604615,38.97536175,22.11282753,87,80,29,8,20,15,"1,607,032",4.76,83.12,"135,149",-0.240046667,-1.663089376,0.89336954
Kota Semarang,"779,685","221,026","1,000,711",1.57,"889,298","924,812",31.80335977,1011.453693,99.59,91.18,69.22,98.24,66.87,17.58152102,13.4838903,41.92054756,27.01404112,691,509,194,74,89,94,"1,648,489",3.98,83.19,"1,176,074",-0.240046667,-1.663089376,0.850891185
Kota Pekalongan,"138,336","49,916","188,252",0.89,"153,518","153,579",25.16299555,633.1763451,99.52,71.85,54.81,98.42,72.46,36.27702142,22.66627629,31.46318255,9.593519738,87,103,29,8,13,6,"1,000,425",6.6,74.77,"225,859",-0.240046667,-1.663089376,0.833493463
Kota Tegal,"97,007","58,796","155,803",0.362,"123,701","126,204",31.55765191,995.8853939,99.57,73.91,62.32,97.822,69.61,34.47567551,17.120029,34.48171699,13.9225785,72,136,34,10,21,10,"1,217,313",7.47,74.93,"204,852",-0.240046667,-1.663089376,0.760563724
Pacitan,"116,009","230,623","346,632",0.51,"271,113","284,191",35.98656356,1295.032757,95.94,79.24,67.48,93.288,79.55,50.47900595,22.65735505,19.92891723,6.934721772,312,418,71,10,31,6,"795,832",13.66098569,68.16,"471,061",-0.213006667,-0.644555448,0.735853743
Ponorogo,"421,365","166,478","587,843",0.076374892,"435,618","435,752",37.00229358,1369.16973,99.46,85.67,67.43,91.844,71.09,45.7566642,21.73647365,23.3309297,9.175932457,455,583,91,27,42,13,"847,840",9.636549342,70.56,"752,336",-0.213006667,-0.644555448,0.781357
Trenggalek,"351,836","104,756","456,592",0.200459921,"346,008","350,287",34.77400056,1209.231115,96.83,77.78,70.15,95.256,73.24,51.47386709,21.01467111,19.74663385,7.764827952,391,442,84,16,37,4,"823,510",10.97810554,69.46,"581,749",-0.213006667,-0.644555448,0.784860825
Tulungagung,"540,169","120,057","660,226",0.71,"506,702","532,582",35.50840219,1260.846626,97.91,87.04,62.6,98.45,70.4,42.21014025,24.54989758,24.02326355,9.216698623,544,642,95,24,35,10,"896,574",6.7363685,72.62,"852,570",-0.213006667,-0.644555448,0.774395064
Blitar,"636,843","111,038","747,881",2.01,"581,481","579,196",36.69142398,1346.260594,96.84,87.86,59.24,94.83,72.85,47.56846944,22.46097754,22.27971961,7.6908334,802,666,106,22,32,2,"844,763",8.938748679,70.57,"943,840",-0.213006667,-0.644555448,0.792381124
Kediri,"814,945","173,277","988,222",0.79,"790,210","784,062",32.89036012,1081.775789,98.21,85.94,69.38,95.748,71.61,40.04439652,22.49807119,28.33752183,9.120010467,732,690,105,27,51,17,"814,338",10.41433755,71.85,"1,226,382",-0.213006667,-0.644555448,0.80580276
Malang,"1,167,760","382,318","1,550,078",1.23,"1,310,100","1,296,104",32.75640625,1072.982151,99.48,87.39,53.39,98.17,69.96,48.67834711,20.28943747,23.61832248,7.413892943,989,1.14,343,70,138,19,"987,853",9.462037507,70.35,"1,996,857",-0.213006667,-0.644555448,0.776258891
Lumajang,"386,336","265,990","652,326",0.25,"509,010","533,385",35.15365888,1235.779733,97.06,76.59,44.42,87.15,65.92,61.7255903,15.92433221,16.33403227,6.016045218,444,554,135,30,39,13,"751,678",9.485847495,65.33,"835,053",-0.213006667,-0.644555448,0.781179159
Jember,"891,241","484,795","1,376,036",0.407831479,"1,204,675","1,245,993",35.34295561,1249.124511,99.46,79.61,60.16,83.14,67.01,58.59539799,16.70902825,17.76219312,6.93338064,933,1.038,342,62,176,34,"799,627",9.245234361,66.69,"1,863,478",-0.213006667,-0.644555448,0.738423528
Banyuwangi,"710,891","273,523","984,414",0.268004078,"803,195","810,796",35.59791484,1267.211541,99.03,81.32,62.37,93.634,72.06,47.63973633,21.09129794,24.25650013,7.012465593,789,817,201,49,92,24,"971,405",7.51986845,70.6,"1,317,581",-0.213006667,-0.644555448,0.747137368
Bondowoso,"213,422","277,080","490,502",0.33,"377,776","397,939",34.23705485,1172.175925,98.81,83.85,48.94,80.26,75.81,65.85699472,12.79590787,15.1094269,6.237670505,387,507,110,29,57,9,"746,274",13.32061389,66.09,"599,017",-0.213006667,-0.644555448,0.818844874
Situbondo,"202,721","203,949","406,670",0.46,"333,198","349,780",33.69188308,1135.142985,93.62,83.24,58.2,87.168,72.2,57.36051871,10.7010647,23.27326392,8.665152675,266,431,93,17,45,11,"846,290",11.19216139,67.09,"493,169",-0.213006667,-0.644555448,0.824605764
Probolinggo,"427,432","278,120","705,552",1.06,"570,206","598,297",34.23360514,1171.939721,97.86,69.78,37.91,95.7,68.62,62.87588716,13.56107464,18.08961435,5.473423847,517,623,220,76,56,14,"715,121",17.73380128,65.6,"884,636",-0.213006667,-0.644555448,0.797561935
Pasuruan,"589,334","378,134","967,468",0.61,"806,272","821,124",31.37385117,984.3185375,98.83,81.34,46.17,94.522,68.64,47.06218876,17.87602899,29.12404067,5.937741582,670,718,156,41,65,17,"964,049",8.669678431,68.29,"1,179,108",-0.213006667,-0.644555448,0.820508384
Sidoarjo,"816,047","349,739","1,165,786",1.27,"1,130,269","1,119,207",30.09557915,905.7438843,99.62,89.38,70.84,99.256,66.82,14.61256171,16.52772682,48.87910318,19.98060829,748,583,181,70,85,25,"1,514,800",5.303012791,80.05,"1,397,570",-0.213006667,-0.644555448,0.834152135
Mojokerto,"531,163","165,048","696,211",2.28,"558,375","559,313",34.39762744,1183.196774,97.74,82.92,75.55,95.93,69.35,30.26898675,22.36417699,38.26494794,9.101888324,452,417,125,39,61,19,"1,151,054",9.73527496,73.53,"831,172",-0.213006667,-0.644555448,0.837625666
Jombang,"615,022","187,427","802,449",1.63,"628,799","635,015",32.11035603,1031.074965,97.15,88.64,73.57,95.7,70.87,32.41023284,24.53150378,34.51885831,8.539405063,491,534,128,46,69,22,"963,592",9.213381083,72.85,"1,001,817",-0.213006667,-0.644555448,0.800993595
Nganjuk,"540,441","131,952","672,393",0.49,"524,282","530,329",33.70656195,1136.132318,98.21,90.59,64,92.15,66.67,44.12154989,22.85533942,24.9022709,8.120839789,607,605,87,27,58,10,"943,614",11.23731878,71.71,"859,478",-0.213006667,-0.644555448,0.78232718
Madiun,"333,848","113,478","447,326",0.15,"336,972","345,712",35.42674583,1255.05432,96.57,88.7,74.59,97.99,70.35,42.73792609,19.81927355,27.37412225,10.06867811,329,406,48,13,30,3,"891,858",10.53342396,71.69,"572,059",-0.213006667,-0.644555448,0.781957805
Magetan,"286,038","136,383","422,421",0.91,"306,376","322,601",38.50462259,1482.60596,94.88,86.9,78.72,93.69,72.19,43.57899506,18.42343003,29.15801676,8.839558155,390,440,57,15,34,4,"970,000",9.607664509,73.49,"532,677",-0.213006667,-0.644555448,0.793015279
Ngawi,"424,010","118,764","542,774",0.61,"405,814","424,294",36.62713518,1341.547031,94.5,83.12,71.86,89.27,72.41,48.54505559,19.54113683,24.85149582,7.062311764,519,524,81,20,40,9,"785,453",14.38728455,70.41,"705,092",-0.213006667,-0.644555448,0.769791743
Bojonegoro,"560,593","273,457","834,050",0.221745138,"617,988","631,704",35.78389562,1280.487186,98.59,83.02,64.51,92.81,71.15,50.28986824,22.34718485,19.810995,7.55195191,669,723,109,49,61,16,"847,561",12.37424901,68.75,"1,040,385",-0.213006667,-0.644555448,0.80167438
Tuban,"532,824","195,783","728,607",1.02,"579,389","593,401",35.0076744,1225.537267,98.62,82.29,56.7,88.99,68.62,53.95550992,18.53608673,20.66922813,6.839175223,536,582,92,36,44,11,"906,635",14.5635621,68.37,"939,765",-0.213006667,-0.644555448,0.775307657
Lamongan,"515,778","282,348","798,126",-0.01,"577,871","611,235",35.30930548,1246.747053,97.5,84.73,63.61,93.206,68.89,37.55997051,21.78634527,28.53256385,12.12112037,1.005,638,156,70,81,18,"944,039",13.212447,72.57,"1,056,505",-0.213006667,-0.644555448,0.75543987
Gresik,"505,738","252,348","758,086",1.06672394,"650,973","661,908",31.80353741,1011.464992,98.68,82.16,79.14,97,65.65,26.22571244,18.2680113,42.76433427,12.74194199,611,453,114,52,60,27,"1,263,950",11.31938081,76.1,"927,045",-0.213006667,-0.644555448,0.817744554
Bangkalan,"435,872","317,828","753,700",0.04,"471,272","515,400",31.75953103,1008.667811,96,73.46,39.92,82.6,63.11,68.33588379,10.28422151,14.71113644,6.668758257,514,707,241,69,65,14,"729,813",18.86239804,63.79,"866,058",-0.213006667,-0.644555448,0.87026504
Sampang,"192,350","562,610","754,960",1.069157064,"477,214","501,661",30.31748895,919.1501365,96.02,69.11,41.35,95.7,66.42,70.93465729,12.71385254,11.20828106,5.143209116,318,617,283,80,82,9,"646,386",20.65738731,61.94,"820,941",-0.213006667,-0.644555448,0.919627598
Pamekasan,"102,652","529,770","632,422",0.974759523,"427,801","452,191",31.72605887,1006.542812,97.53,75.27,60.06,88.594,68.13,56.95053104,12.99709562,18.95085757,11.10151578,339,473,183,77,97,17,"706,967",13.91262648,65.94,"706,619",-0.213006667,-0.644555448,0.894997163
Sumenep,"242,835","436,379","679,214",0.17,"517,987","570,923",35.40929829,1253.818405,98.85,84.84,65.1,80.544,75.04,63.03365687,14.77797049,15.09103315,7.097339493,509,659,195,84,67,15,"1,014,903",19.4671736,66.22,"872,764",-0.213006667,-0.644555448,0.778233291
Kota Kediri,"143,521","38,904","182,425",0.74,"143,320","144,089",32.93060064,1084.424459,97.18,85.13,79.5,97.59,64.6,18.80378774,16.6435104,40.60080395,23.95189791,122,137,33,20,23,26,"1,126,661",7.146609883,78.08,"201,850",-0.213006667,-0.644555448,0.903765172
Kota Blitar,"73,310","21,019","94,329",1.76,"70,378","71,498",33.53746254,1124.761393,96.76,84.52,83.22,98.324,72.06,21.15720713,16.75942338,42.43092827,19.65244122,81,62,20,10,17,7,"1,268,639",7.118892554,78.56,"113,544",-0.213006667,-0.644555448,0.83077045
Kota Malang,"345,127","167,834","512,961",1.23,"429,416","441,266",31.08825381,966.4795247,96.87,85.3,64.99,98.17,65.89,22.27189067,12.47280061,39.42298596,25.83232276,355,282,107,48,56,71,"1,608,906",4.064629796,81.32,"623,185",-0.213006667,-0.644555448,0.823127964
Kota Probolinggo,"84,989","60,556","145,545",1.06,"116,817","120,391",32.2055875,1037.199866,97.46,87.65,72.71,95.7,63.85,29.44876127,13.42990153,40.2837471,16.83759011,110,86,29,12,20,2,"1,253,772",6.90111632,73.27,"167,834",-0.213006667,-0.644555448,0.867196158
Kota Pasuruan,"71,354","54,028","125,382",0.59,"99,403","101,019",31.37385117,984.3185375,96.82,78.22,62.75,96.6,67.91,28.48234439,13.82990933,38.62619075,19.06155553,105,67,29,11,14,7,"1,106,833",6.4463981,75.25,"147,500",-0.213006667,-0.644555448,0.850047458
Kota Mojokerto,"60,722","24,765","85,487",0.75,"63,484","65,530",32.94161099,1085.149734,97.88,87.37,80.21,95.7,64.88,16.6223163,14.95766556,47.10311461,21.31690354,64,62,19,11,11,5,"1,308,790",5.138977165,77.96,"98,174",-0.213006667,-0.644555448,0.870770265
Kota Madiun,"85,012","34,032","119,044",0.15,"85,610","91,397",35.42674583,1255.05432,95.71,85.81,81.3,96.79,66.73,13.71150967,11.87925998,47.89919486,26.51003549,93,73,23,12,29,21,"1,443,211",4.344460954,80.88,"147,541",-0.213006667,-0.644555448,0.806853688
Kota Surabaya,"1,118,411","479,904","1,598,315",2.07,"1,430,988","1,465,207",31.9210029,1018.950426,98.88,84.58,65.75,98.748,68.61,18.64337306,14.1147241,42.16468603,25.07721681,1.311,654,324,140,106,131,"2,027,599",4.50763847,82.22,"2,131,756",-0.213006667,-0.644555448,0.749764513
Kota Batu,"101,321","35,434","136,755",2.64,"104,414","103,076",33.51454046,1123.224422,95.99,84.5,73.89,97.62281817,71.01,31.64987783,17.52068241,34.89905268,15.93038707,73,79,27,12,13,8,"1,250,019",3.802592896,75.88,"154,826",-0.213006667,-0.644555448,0.883281878